,A,B,C,D
2000-01-01,-0.44935678546261154,0.8450097560162171,0.5975815170967341,0.6937249415843735
2000-01-02,-0.977990453687265,0.8570009517865881,-0.03324133426754983,1.0397986567695976
2000-01-03,0.051343017582984096,0.8513056445258302,-0.0889078110547217,1.869626785337277
2000-01-04,0.033648073153743054,0.7924201729780698,-0.9695698793251156,1.9405093253404244
2000-01-05,1.8136002086649037,1.7988511006725887,1.1785856175128675,2.378154682690547
2000-01-06,0.7449921964755788,1.9517338371016943,-0.685623576266376,1.045021911645354
2000-01-07,1.7064466198083919,1.6898955045759365,-1.1115126409680849,0.6674231188494033
2000-01-08,2.8616933357557346,1.1673662360893555,1.0623508326298425,0.27522139304454024
2000-01-09,2.1062768624174373,1.7904861276778272,0.6176507183633997,1.1790013201061378
2000-01-10,1.528998507961786,1.8600892297966003,0.19640557785635382,-0.10542538646738109
2000-01-11,2.6334293891973184,2.4544892275674686,1.4808035316354813,-0.5382701863507164
2000-01-12,3.9204368185333127,0.9520948518931736,0.621392666627692,-2.9116498109267597
2000-01-13,3.3203555824301474,0.2919172541597158,1.927172223616,-3.003896896382441
2000-01-14,5.155064840876162,0.4881270152252317,2.0450235959126792,-1.56098963381353
2000-01-15,5.316794709625806,-0.5543350759532923,1.5392400863578544,-1.8557983444658337
2000-01-16,6.094199665927177,-0.6259556191057694,1.4823314176783384,-2.955849754552605
2000-01-17,5.908364129959937,-0.7850002457907403,0.7032174249175368,-2.149923677442893
2000-01-18,6.556120092279999,-0.7950898919147936,0.09544736463899495,-2.714230823031702
2000-01-19,5.797670136084428,-0.6162925135063924,1.9300590555927384,-2.46617050980305
2000-01-20,5.96257338754645,-2.9089251321095073,1.3585467891932184,-3.673471427949892
2000-01-21,6.992262016495826,-2.069096683694208,1.959192596662703,-3.047238621380671
2000-01-22,7.389534339605091,-1.5492218859211118,0.2787113313869245,-1.1735797075880399
2000-01-23,5.962826459487702,-0.4152588765610077,1.7223041687183693,-0.6869824731963766
2000-01-24,5.580149525897133,-0.2690024674835969,1.462346925435241,-3.2951683823195963
2000-01-25,4.863232739472789,0.2381976111899068,2.1562513790331272,-2.8563224811009156
2000-01-26,7.416011422999785,0.18732884188350818,3.793253559453488,-3.12263088309814
2000-01-27,6.5386693368821724,-0.955328275500037,3.0510827684036697,-1.4503399453725114
2000-01-28,6.992895786623465,-2.0372706796087554,4.04223658950231,-1.8132253665149647
2000-01-29,7.323319711679237,-1.9493285673715999,5.472596471990412,-0.0979821517620254
2000-01-30,7.910254597263096,-2.0586640007492325,6.007966644358827,1.4490256107327057
2000-01-31,10.31919528410762,-4.737451386803173,5.893345415464839,1.6273065832872984
2000-02-01,11.467096852755299,-4.1813857156658685,6.393078935085878,0.5519847520959247
2000-02-02,11.414487162353977,-3.342042746622049,6.5175973266356895,-0.031439236817296545
2000-02-03,12.468174295098155,-2.290116776039818,7.052374499349071,-0.6732309040897194
2000-02-04,11.551347415408218,-3.6062834188109436,7.97574167533194,1.597917815312858
2000-02-05,11.100662392899412,-4.531259131037943,9.16329091846983,1.2818433152669848
2000-02-06,10.192644210079388,-3.039779647022198,8.976685410512424,1.3494049065166678
2000-02-07,9.352343391439245,-4.43776775900955,8.648285992103553,0.6984283339760714
2000-02-08,9.23307151656485,-5.389868603635682,9.213470131727027,0.5192279394761457
2000-02-09,10.596870427077496,-4.244072308489617,7.425116308315474,0.8503640108530119
2000-02-10,11.441428103202256,-5.834155048045989,7.08056593487908,0.6325925465231722
2000-02-11,12.139948760955058,-4.892475075286932,7.5102208918133915,2.076927605439423
2000-02-12,11.056553972236905,-4.646143015547457,6.902101719677124,2.6579857184819162
2000-02-13,9.876036345766222,-6.104572637062008,7.101823503935793,3.3894787669304245
2000-02-14,9.09827238056082,-5.322595121141605,6.3397046377688016,2.975832038588616
2000-02-15,8.803339128331128,-4.443129871151003,6.983249502882471,2.1235188489739754
2000-02-16,8.45678894733339,-4.379114553709914,6.756943011475862,0.13003126221752015
2000-02-17,8.849155109933552,-2.398533282489375,6.442127590549582,0.48210514374126295
2000-02-18,7.101135583833578,-2.3510506638669764,5.494886720210659,0.22484748126892035
2000-02-19,7.3601503728798905,-2.7410832369456815,5.160218971398095,2.20361893112932
2000-02-20,8.450571377051977,-2.566962551578528,6.646378176907286,0.7645113534414223
2000-02-21,8.636891379268429,-3.6838709519773634,6.087252941486629,1.071514212583899
2000-02-22,6.532490729209405,-4.447990582891821,7.778819786152237,2.0594859892752453
2000-02-23,5.936526805244894,-5.200847513553134,6.528528327389676,2.2363555796117733
2000-02-24,5.606503746487973,-6.2863524422672175,7.029288179138336,1.650275658513947
2000-02-25,5.143169079822097,-6.518937855843994,6.837221122321171,1.9043887364760044
2000-02-26,5.701678340591295,-5.273564322451456,5.580568200559749,1.9864197750920354
2000-02-27,5.232131346075872,-3.9307091546030897,6.178628030046736,1.041223766910008
2000-02-28,5.632417033896425,-2.921411129306512,7.967177107773125,2.1319019663210472
2000-02-29,6.293120167950444,-3.1470734901311674,8.773521051848894,1.9155264475184062
2000-03-01,6.095500839239464,-3.6733853365376756,8.462347833634086,1.330184441918961
2000-03-02,7.797382189987941,-3.621880360694508,9.21578938448394,1.1597258452722543
2000-03-03,7.257083432463177,-4.029531114474027,9.098307762821078,2.089536107230754
2000-03-04,7.423557869443602,-4.39309395040493,9.513060308982979,0.5956241960726631
2000-03-05,7.7356725138208935,-5.754769814179943,9.515903189069224,-0.19290940007776058
2000-03-06,8.953048585952628,-5.543582361608361,8.187228863475484,-0.3261158807594089
2000-03-07,8.846403676625599,-4.6292176189527225,6.312209099000571,-1.6672950748409208
2000-03-08,8.110775193886163,-4.7700764798540645,6.142668772776448,-1.8714626514482253
2000-03-09,5.90365803077683,-4.704720408712827,7.737397645945301,-2.3131123382861363
2000-03-10,7.012363654927595,-5.081993670739323,5.6203365095236535,-1.5692775703512318
2000-03-11,7.272398742020368,-6.411370654681871,6.536442282227478,-2.121248392746902
2000-03-12,7.325084996690044,-5.474611654175567,6.795308857881327,-1.8487328483109644
2000-03-13,9.128842678281783,-4.176590939472929,6.32489348543793,-1.550753459143312
2000-03-14,9.189118380601945,-5.4981783191826405,7.894787600143358,0.7935861546585601
2000-03-15,9.52743069216177,-5.18670505293881,8.021190028043906,0.06259830558700574
2000-03-16,9.068647467478357,-4.8578745588881205,7.42246908177746,0.27336600330057514
2000-03-17,7.796254965136909,-6.05827917416167,7.229624244580626,0.9824016775873605
2000-03-18,8.79095191091403,-5.060433827667256,8.670691928819968,2.408931218287032
2000-03-19,7.163644676031578,-4.231925246371973,9.28695714973637,1.5716323809118644
2000-03-20,8.216655704251725,-6.61337792776982,8.681533512929958,2.266491584983959
2000-03-21,7.615155896712046,-5.719649201097869,8.340770700280824,1.675417748762317
2000-03-22,7.4033579438890795,-4.7770680136350245,7.808151874381847,3.24742900935464
2000-03-23,7.502294311027234,-5.180545082442652,9.239863835993471,2.2133544112876673
2000-03-24,8.738408629974368,-5.041262956025177,8.886884201267542,2.0315825859427887
2000-03-25,6.274278133245147,-4.9681932701898335,10.094470781038654,2.5534022622069625
2000-03-26,7.978522920706046,-4.4541264977063655,10.275746380419992,3.7178636531248612
2000-03-27,8.192957902396806,-3.414859916269412,11.539474649112634,3.558534984102176
2000-03-28,7.46436220579151,-4.269678726338362,13.356241235558395,3.682670180869171
2000-03-29,9.383589753300583,-3.532840703867889,12.909635566425814,2.8905517552387607
2000-03-30,10.13952083909877,-2.3409556118884547,12.743399352266696,1.0231775214454737
2000-03-31,12.3976054853748,-4.497210747958587,13.120351969205434,2.011697156517328
2000-04-01,12.8902065141346,-3.6706648328175078,14.171709127078088,2.1727950346398845
2000-04-02,12.84694455105662,-3.1181176173539504,15.118837255704758,2.4741521793259587
2000-04-03,13.220541424730904,-3.177993691399468,16.18955021472955,1.9949633410557008
2000-04-04,12.54539958108038,-3.4190659893518203,14.850973185834278,3.512952152400344
2000-04-05,13.77741465828327,-4.607644809702164,14.408123116503761,3.671516990764534
2000-04-06,14.48407727881648,-4.645742586877825,16.314015108143273,3.963890957493909
2000-04-07,15.818307877898302,-3.165203519244481,15.996151102309728,3.8702019430633228
2000-04-08,13.88255444255444,-3.7536761384581845,15.091051589124453,4.515249318628851
2000-04-09,15.229025730216625,-3.375532931979092,14.841945410669807,4.594319293246748
2000-04-10,17.065238482326286,-2.778477779034488,14.629944177835462,4.590308198202829
2000-04-11,16.241174317431256,-2.052858343743163,15.07877998242342,5.811135798055069
2000-04-12,16.6809512395538,-1.8977162000212378,15.216623809356449,5.112461054197609
2000-04-13,17.57626608477201,-4.239437042241525,15.120301103328334,5.31235649536816
2000-04-14,18.04967030078448,-4.2043957914945835,13.929094495790581,5.922651680070459
2000-04-15,19.481985345445775,-4.224637960427101,13.64575833757754,6.1207798742531985
2000-04-16,19.920777580387647,-6.243034956327868,12.534645903753946,5.30412447857451
2000-04-17,21.669087996658433,-5.915494100977581,13.420086240381336,5.502534286239753
2000-04-18,20.634479123845658,-5.410701377067255,13.077319979705436,6.2766431420924444
2000-04-19,20.628848019374253,-5.238724785169451,12.12291031321948,6.6774926673194175
2000-04-20,23.147788755563017,-5.965279303757139,11.694293584639489,6.085636771969365
2000-04-21,24.359193172530297,-5.057272147468495,10.693822174989519,4.809610580999462
2000-04-22,22.51276917042759,-5.865384600667804,11.687981812837776,4.351118567451998
2000-04-23,23.184768749024432,-4.381219575282565,9.888779568382288,5.240075969760772
2000-04-24,23.676379904565483,-5.32145752422928,10.397362764936279,4.7466853555934385
2000-04-25,24.35696103539066,-5.837505560321954,10.453999041208784,5.526853151349667
2000-04-26,24.97598775123138,-7.081499044734416,10.669067559972888,3.8897376890694177
2000-04-27,26.289330369743038,-6.395903199669817,12.083754051735188,4.049031769129559
2000-04-28,27.048419716101936,-6.995735868306539,12.197057903657425,4.363975528182911
2000-04-29,26.63253840227708,-6.546680946470742,11.72027212254454,4.971142610244229
2000-04-30,27.728201642565605,-5.50857482597703,12.099131967907796,6.307474742104738
2000-05-01,28.378812541665642,-6.680718938653797,11.085009673813554,5.961998874013836
2000-05-02,28.443279560142845,-6.719271734215885,10.360587934173466,6.82903461966909
2000-05-03,28.45770649093983,-6.8171716069669355,10.910804380561698,6.181129816385694
2000-05-04,28.44826758491877,-7.553506213631412,11.611675662959774,6.480664796592731
2000-05-05,26.30748603109999,-6.757474697790492,10.261977067420027,6.344752472282828
2000-05-06,25.79711467708471,-7.362581781502435,9.86254141382345,5.620894137601562
2000-05-07,25.9489030905687,-7.38878563675512,11.765396419344912,6.3408253966522325
2000-05-08,26.056514701536425,-7.449954623038754,12.668573365584711,5.668604979429821
2000-05-09,26.394164374625305,-8.237891775157884,12.155847322717339,6.141429686212689
2000-05-10,28.09825540706507,-6.929691814492455,10.972851334344092,5.893991566005613
2000-05-11,28.81738028395546,-6.798430646111847,9.420882890297284,5.8071034227765574
2000-05-12,30.75158688570533,-6.48574701910602,9.350442437379325,7.01802351474468
2000-05-13,30.073740301881717,-6.789091998149148,9.997189916448978,6.650626593641246
2000-05-14,31.180275174405992,-8.542950948357946,9.208598435752187,7.335212659727376
2000-05-15,31.844800926679657,-7.3029399780380215,8.800989231688934,7.116481145393539
2000-05-16,31.70110277399601,-6.298495067108886,9.150899340405855,7.635341638223976
2000-05-17,32.59696931465594,-6.216360052697153,11.303038696384741,7.653181288637462
2000-05-18,31.81283067133455,-6.837163284981612,11.161496381481951,6.057669801998787
2000-05-19,30.823551709886008,-6.564833754041319,10.697677638349518,5.597134176628225
2000-05-20,31.47323975501342,-6.436298474797867,10.548860126161456,5.651899919651134
2000-05-21,30.708933660493305,-7.784448873627216,12.330540488670113,6.051164323039455
2000-05-22,30.57012089096393,-6.586250889721719,11.952514948516654,5.742569083946326
2000-05-23,31.14144219127472,-6.768835974539525,13.013710170702403,4.653015972646053
2000-05-24,32.102451193900365,-6.020712977136427,12.587236285692892,5.433815522858806
2000-05-25,33.112331644481394,-6.354626129741615,13.663637356923028,6.09587906983302
2000-05-26,32.05160562386997,-4.27341502867244,14.111501471644663,4.785313949068794
2000-05-27,33.012060718251995,-5.461281808630831,12.005134534233711,4.010427958079544
2000-05-28,33.607111088845826,-4.697595126433383,11.468744203333264,4.560805262701998
2000-05-29,32.43046488813605,-4.663887450933344,11.13089632428156,4.509311019882671
2000-05-30,32.280334314288574,-4.1739050257399875,10.841761873530576,4.51728490690273
2000-05-31,34.266224853271126,-2.6493477057588857,11.442492097090307,4.226205921361339
2000-06-01,33.60254427640419,-1.733738871803752,12.818261853436534,4.337829553304901
2000-06-02,34.07904817174948,-0.9517233960788426,13.033595892363516,5.015405875743777
2000-06-03,35.40223899415385,-0.6012412914230143,12.346183372711993,6.432400550796961
2000-06-04,36.47767540901752,0.780378726455317,11.57504034749642,6.088132912027476
2000-06-05,38.14032124877963,1.1903792346665503,11.706954390645906,7.791247728071207
2000-06-06,37.47219396017553,1.703074173717624,12.975123898717454,8.44629808047585
2000-06-07,38.98989553488854,2.0380838658620655,11.452611297074952,7.58500510662592
2000-06-08,40.8812685066288,2.0924122654582655,11.738878743880882,7.26705166070009
2000-06-09,41.03851005974223,3.584313890999534,10.735311795409988,7.331655873331686
2000-06-10,41.36423880701932,3.4191006270973356,12.074699743087805,7.259582851466456
2000-06-11,42.18766758779486,3.7570826622295708,12.905596882426817,6.069857329833671
2000-06-12,42.483199069124964,5.250921513985,13.916348988445257,5.961157178531445
2000-06-13,43.38274831883909,2.8686519413405254,14.018467109193063,7.890178269607407
2000-06-14,43.82171930382941,5.023972991447036,14.272092798043294,8.191305887734922
2000-06-15,44.24637497531579,3.8192026688188996,16.46922826692942,8.331258523991217
2000-06-16,44.661436967237464,4.334082538395853,16.59541435521408,7.829017117099706
2000-06-17,43.30559652009257,4.5823919224001335,17.37661723388788,8.423165473529208
2000-06-18,43.23566092198794,4.506742908388921,17.577650653283385,7.48645012721974
2000-06-19,43.7205638794585,5.798449079273004,17.66922686183331,7.127737350796224
2000-06-20,44.95678005722175,6.666223609423929,17.744136160760462,8.34640166204712
2000-06-21,44.6682219476259,5.145948588477185,18.253575623166864,9.340613905906963
2000-06-22,43.009367855431464,5.757368428159578,18.469655521457316,10.08100520990451
2000-06-23,43.91161660612464,6.841995065806939,17.735235048025416,11.474829153120504
2000-06-24,42.72692942566713,6.273423046851577,17.08237916632899,10.742506874515087
2000-06-25,43.85293224392633,5.426261652441185,16.802883636374514,12.998234256690118
2000-06-26,43.52292267331359,5.567260916638108,15.854907962132762,11.68972399259514
2000-06-27,44.09340556054995,5.53926993449194,15.324658281622142,10.850152155438419
2000-06-28,46.84482546359067,4.981730831948812,14.0301167810909,9.635678406350426
2000-06-29,45.44740317235223,4.751496222712769,14.205768449571968,10.38003279675963
2000-06-30,45.4429267943285,4.652446332885891,13.930210756735512,9.384487850349476
2000-07-01,46.14786101500519,6.0338491258261335,12.8227175662073,9.397277975654367
2000-07-02,44.66356105871237,4.931152337647691,12.802124377263134,9.797703523297997
2000-07-03,45.506010502328785,3.4304188640075153,12.634224690937529,8.4692438508701
2000-07-04,44.20514671014674,3.278992436147656,12.991923283800858,7.280457747030912
2000-07-05,44.26165804134611,2.68634976496971,13.630977747187998,6.64890510998269
2000-07-06,44.30399637647973,1.547504208895311,13.335540920029095,4.754441314258698
2000-07-07,44.489204347251366,1.7776940658282052,12.948863176993422,4.8306764472949695
2000-07-08,43.31570923959439,2.8888245662485046,12.992180048572802,6.617054424728989
2000-07-09,42.7029946442426,2.8770919439492193,12.420853447126063,7.439062429147333
2000-07-10,42.964712351995864,2.337211851142132,12.757208465867334,7.91639360741251
2000-07-11,43.47837864154183,3.855812754182131,12.188083230192856,9.804802675168938
2000-07-12,44.42668248293248,3.050439086364918,11.599076528555578,9.22905999980377
2000-07-13,43.88006787009262,2.999422577576356,10.112078361448118,7.326640015793257
2000-07-14,43.50741713459446,2.3340999990788234,9.310058948987514,6.805718685226977
2000-07-15,42.91474694425095,0.5440826365042104,10.265624275403521,8.79271920261675
2000-07-16,43.49518038612468,0.8420910668493327,9.978825396954651,8.151707299706127
2000-07-17,42.996399479815025,2.362625798181336,9.174979864166078,8.586832844904032
2000-07-18,40.812252641345886,1.3207243200499614,9.26487142159481,8.340718724091582
2000-07-19,40.2100614157219,0.365926718219615,9.231241885274653,9.978185412959087
2000-07-20,40.64909303317144,0.731488378254577,9.620100825661165,11.552204927367203
2000-07-21,42.09915075917418,1.745731179760679,9.160672651848213,10.672505444657855
2000-07-22,42.52277764905547,1.4344679993209242,8.023976989313745,11.002831652252196
2000-07-23,42.25681941492365,1.8121299738560026,7.267191608400446,11.988384954220479
2000-07-24,41.54852811067553,4.9781306678293635,7.193213176870995,11.827970069636496
2000-07-25,42.265120726836734,3.4001829082311597,8.70429697564903,11.230894937606227
2000-07-26,39.77984618124592,2.5679179134925594,9.547122214875273,11.516104905658326
2000-07-27,40.017450311625105,2.688601337733401,9.057490374809108,11.42781372839658
2000-07-28,39.68207824889368,2.5598665639572413,9.666321937748478,11.110127234869855
2000-07-29,39.1990399267394,3.5909572889905075,9.635235416170387,10.52821678114382
2000-07-30,38.24589506496614,4.3588394139860815,8.66098029864573,10.337147479830698
2000-07-31,36.75545231161385,3.4716638861332667,9.301145563560057,11.429908695208624
2000-08-01,36.61516255547947,3.3176589505205243,8.794511618763309,10.96371915336485
2000-08-02,37.26639760958468,3.773592583258283,8.055487236864941,10.493850470426745
2000-08-03,37.160830124476476,4.835953042231408,8.700818394516117,11.993202554785588
2000-08-04,37.82398976422632,5.1375577667068395,8.271626486106642,11.958321065378744
2000-08-05,38.10421827145203,2.974019338840714,10.23491853605484,10.574442013166799
2000-08-06,37.50936903265434,3.188971449850795,11.487541977064778,10.740156429567474
2000-08-07,38.75734409808173,2.218648713615202,10.239278476189691,10.708280766957172
2000-08-08,37.61411299933524,2.7825836224684313,9.85376430460818,10.766282457945653
2000-08-09,37.43091567154622,2.4088456423046445,10.019991693134223,11.170487923268489
2000-08-10,36.217219051123095,3.8814642160827706,9.37119490436978,11.251138570266868
2000-08-11,35.89103476701639,4.040936278472025,11.396288672616897,12.546350016260494
2000-08-12,36.9663839847548,3.803896720222065,12.899370777474438,12.67202238258887
2000-08-13,37.32927732636524,4.024019530003262,13.744832637185901,12.132817769787374
2000-08-14,37.86507467881804,3.366389312641098,12.504657392219528,11.515992356906121
2000-08-15,36.931931376867766,5.8357476093650815,11.635369160807144,11.937652388642478
2000-08-16,35.684931255803946,4.945868722081229,12.850353826183273,12.464816832783903
2000-08-17,36.34390599319037,6.280368205029073,14.386592422001304,12.402283611461337
2000-08-18,34.55536651408059,5.591038488818029,13.551381346782868,12.687171131930752
2000-08-19,35.33526815994083,6.02392307317224,15.976493918667282,13.146269836949953
2000-08-20,34.893088736882014,4.9935849533873515,16.31069630775631,12.892790207489755
2000-08-21,33.68976807721374,4.735887731766789,15.744737110583145,14.237726618095383
2000-08-22,34.124297737955544,4.3614211676272365,15.134248854426485,12.843258643642018
2000-08-23,33.828263772754894,2.709677209780486,14.602030929432564,12.94256692598807
2000-08-24,34.06865812221074,2.497200497500395,14.868908605164275,13.15546916707244
2000-08-25,33.79508125420379,1.3225563175837198,14.267922353620982,11.379266356590758
2000-08-26,33.46703236181927,2.176826688703075,14.49321155095278,11.448434050850993
2000-08-27,31.618924890434375,1.7964925391087,12.443004847485572,11.288542643297461
2000-08-28,31.950187873550604,1.0458880787654632,13.838513253038206,11.976173393619328
2000-08-29,32.23622662711671,2.115127829295022,14.45878096604089,11.995880500567864
2000-08-30,32.71101096166017,2.7062445145579033,15.303311384453579,12.078252237624818
2000-08-31,31.336280606874997,2.413441229379733,15.962543078752347,11.500978550911682
2000-09-01,30.88083979742948,2.51521131433442,14.474498434089364,11.057473393784234
2000-09-02,32.018140459342376,1.1130306398514742,13.74746759363463,11.993400484434687
2000-09-03,30.30389948576188,0.925732762498247,12.884399301165194,11.587797052418257
2000-09-04,29.47366511274728,2.8445014561706254,11.78576697715506,13.176419216964087
2000-09-05,30.554240147753816,2.1769401471007814,9.593462318889701,13.175908836088913
2000-09-06,30.378861564233787,1.6134067322864667,10.279048807503225,12.118814676608695
2000-09-07,31.091235443951064,1.3484491496766529,9.717075451939845,12.03919084225959
2000-09-08,32.195501201014494,2.2252892575117356,9.212566922852181,13.021563719786307
2000-09-09,31.135966508517356,2.9891014465783092,7.925490038106693,12.848987078090222
2000-09-10,30.3126988167507,5.306426878804211,6.7447477423460445,13.647649267713886
2000-09-11,30.891056712872064,5.0692891307998575,6.418203846588971,13.17039804511659
2000-09-12,31.07243227226352,6.316493530603477,7.143281766158425,10.909755750762852
2000-09-13,30.49465841916823,4.821564977543793,5.210959775642334,9.785425013042765
2000-09-14,29.17680928386087,6.751377579502655,6.677646224129544,8.934554063340649
2000-09-15,28.975731927178554,6.05436947106494,6.795363467498204,8.208750194066907
2000-09-16,29.87924894334738,6.291829331832364,8.785429924591845,6.945869200877954
2000-09-17,30.580140273795028,6.317049630259943,8.689486595038735,6.348349257910815
2000-09-18,30.642516585846593,7.176290119777641,7.99820842586521,7.4274203713925075
2000-09-19,30.948214535994666,6.802963443811903,7.836568158968165,8.621464343684867
2000-09-20,31.22552130535517,8.776592204177106,7.899902830906415,7.86201771657839
2000-09-21,31.212267592675005,10.135057847058926,7.14980521681656,8.491727416436762
2000-09-22,31.03685791609614,9.867127425066748,7.431500970258018,8.113338727597156
2000-09-23,31.242954359130152,9.81812989063216,7.194448139024979,7.003091244476978
2000-09-24,30.00117994972666,9.815519244000606,8.534940688872203,7.063961649082892
2000-09-25,29.902813792638028,10.994757081473903,8.716882650774354,8.094143480802162
2000-09-26,30.87454617903912,9.608976060091518,9.053777284234616,7.763062122932273
2000-09-27,30.936043105623018,11.02163254486629,9.28107734797507,6.813753307305289
2000-09-28,32.9372527081899,10.990715896050718,8.554164908799786,4.984148721556415
2000-09-29,34.281098987240334,11.133187059177446,10.22086153883861,4.767195472598921
2000-09-30,33.47665161142382,11.728468152528706,10.276134835867188,3.833640930186088
2000-10-01,33.92247289461047,12.22221129277918,10.71944688668892,3.8155584743199786
2000-10-02,33.257374342424534,13.20002888799208,12.268473009764762,3.6390618461009807
2000-10-03,32.363511580855175,12.355422461600993,12.605852796965564,2.055932498317266
2000-10-04,32.49121523051387,12.235586513260426,14.015609329182558,2.67407969755799
2000-10-05,31.715717472803718,13.567310864736546,14.615002867660106,2.9342309981933226
2000-10-06,31.680848790508545,14.002429616210302,14.456368165822298,3.6619109247280477
2000-10-07,33.33756085743765,14.597378461022773,15.886172473703889,1.5442016518615187
2000-10-08,34.116569720141825,13.51427513729483,16.12465741008723,1.7120297750998532
2000-10-09,34.29060493265048,12.717983150918158,18.254961521708463,1.9574258852909905
2000-10-10,33.6420580925552,13.446778556046294,18.955334180830977,1.4686625964052884
2000-10-11,32.969383582832975,14.515698606008524,20.958772980750137,-0.2796158765860315
2000-10-12,34.774982005694376,15.134482236334811,20.770414934691093,-2.801703213436028
2000-10-13,34.874564540330695,15.965638059122451,20.008877640577705,-3.343509085177637
2000-10-14,36.480326111456414,15.8913193199847,18.830227279259123,-3.0230794728406405
2000-10-15,38.340984991831014,16.29708902370539,18.66717651135732,-3.029968776649912
2000-10-16,38.33717805882482,16.721277528417627,18.96468321498008,-2.8378293567113664
2000-10-17,39.40682544466687,18.520315666310236,18.54531313963424,-2.3805425499220756
2000-10-18,38.807410430221815,17.62524948133596,18.337642554478833,-1.201975715663307
2000-10-19,38.90344567392955,16.849675141866438,19.40216947335338,-2.2357622337809495
2000-10-20,38.398951663946534,18.274062095464718,20.826215991210578,-3.3050926424082334
2000-10-21,38.35039475610314,16.864407380028588,21.861004494545696,-1.8034437934239749
2000-10-22,38.21925441366136,14.86827621081236,21.80762374503937,-0.7711678792268732
2000-10-23,39.57253811300311,16.154533846945707,23.39014913636743,-0.31114048011402734
2000-10-24,38.99798244307504,16.358000004487536,22.745057252250483,0.47714256546834627
2000-10-25,39.33712925373537,15.407292990166084,24.754015259749217,2.331940365092805
2000-10-26,37.98795840913873,16.63258651898837,24.69688395118449,3.0518194574909416
2000-10-27,38.360070561888726,16.52612996746177,23.58077383554696,4.259605774407129
2000-10-28,38.69471167067182,16.677425945900954,22.714996726771044,4.574897888729197
2000-10-29,38.02019157790729,17.296467211171652,23.81733083607881,4.165938710607007
2000-10-30,38.05814027617482,18.357023514526684,24.25829485079161,4.38089515716998
2000-10-31,40.28107412745672,17.463769370193134,25.359664422321636,4.074218517848833
2000-11-01,39.13539404935324,18.212260681153264,25.156854683497,3.774637433612802
2000-11-02,37.9231320706796,17.32139494925136,26.8979892960909,3.8540937537786677
2000-11-03,39.41763339660285,17.212888220246324,26.3152252989933,3.7170805753567038
2000-11-04,38.4196092594662,17.276213904287353,26.600153864400628,3.6831419183067893
2000-11-05,38.47176870918384,15.470116647716328,28.910297578134674,5.004578073637495
2000-11-06,39.23449855430783,16.98770983300485,27.077214756796288,6.012007572594029
2000-11-07,39.882807024029916,17.826924910842454,27.1331947168093,6.585615848464075
2000-11-08,41.422076841662474,16.786134590413905,29.247471648260458,6.360233769154281
2000-11-09,40.029787970130286,15.61772455442058,28.27605467277366,4.319686160071488
2000-11-10,41.95000749659511,16.697185467448925,29.14574358831349,4.354547401331869
2000-11-11,42.43118495446104,16.111037521354937,29.75604669874718,5.254134721398195
2000-11-12,44.09586527239585,16.840243237220783,28.486027183890176,5.488640639138229
2000-11-13,45.06041534790801,18.19987834554329,27.245385083600095,6.805247707279739
2000-11-14,45.00991349125912,16.652738089441694,25.794098603275224,7.765538746123089
2000-11-15,46.31804602747691,18.242955668731906,25.82514863479471,6.549330133043965
2000-11-16,45.78223661665111,18.46250207982056,26.791309298919604,5.398710615398304
2000-11-17,46.078989398773516,19.23042933289399,27.1426767727527,4.559028510157118
2000-11-18,47.384770019963696,20.03907618022591,28.010279713876916,3.572063880813271
2000-11-19,47.79715479301776,19.040521879806896,27.280850013062537,2.770841422352312
2000-11-20,50.34893659735607,20.09982280210531,26.684842391526086,2.3248237357371635
2000-11-21,51.027443453456904,20.49575892168701,27.403991901458962,3.359960360757529
2000-11-22,50.1804186746229,20.430275851251142,28.07565104582325,4.463837214472103
2000-11-23,50.309921515945945,20.43604814074673,30.738908152268607,4.064168950409228
2000-11-24,50.05495242424631,21.500168932767487,28.849576193174247,5.142026226054409
2000-11-25,52.24114675761737,21.87206160926717,28.117443854519742,6.020755279124162
2000-11-26,53.5109439883103,20.60142386704884,27.869060205751374,5.175002875624708
2000-11-27,55.46056224062886,21.268743337367326,27.662542679684073,4.697898573769141
2000-11-28,55.38950583379588,22.32120087227982,27.760816660060605,3.89193354986443
2000-11-29,55.36593268641329,22.48661311840874,28.910453912290976,3.733207982494255
2000-11-30,56.55906373436619,24.68120818116239,28.760897341392788,4.3426666180475175
2000-12-01,56.61071367346894,25.560424489574242,27.523178237362377,6.036506505808939
2000-12-02,56.93487687302851,25.099220451998477,27.527632915871326,6.617241930222666
2000-12-03,55.61656876283138,24.606193473636807,25.886446053953122,7.011460551738968
2000-12-04,56.05081446034928,26.178168870911986,24.67859452871033,6.46007438496795
2000-12-05,56.32638090699807,26.27961538675744,25.2662033539961,6.566114029067256
2000-12-06,57.7091706741411,24.794161290911678,27.025091122720443,4.496807983485766
2000-12-07,57.06058899976845,23.89707968420054,27.425193485302795,3.9665985874167053
2000-12-08,56.34582357211609,23.879718987386106,27.231494344462913,2.5879200441762182
2000-12-09,57.24523674031837,23.101216778263797,28.063164595790436,3.2572242864804473
2000-12-10,58.86776392117839,22.90690686200655,29.581171959281342,3.170237719586327
2000-12-11,58.576878973091354,23.16666310601193,28.16256043066791,2.9835730414793473
2000-12-12,58.15386654497388,23.146874648718462,28.933071326055646,5.088774872767548
2000-12-13,57.97169615947169,23.136319810104805,29.072911130107737,7.023024885790117
2000-12-14,59.02130519945026,24.62024607849467,28.00279058480373,8.194789893724941
2000-12-15,57.905389661541115,21.774377343190583,26.921636542883167,7.482186766821171
2000-12-16,56.67819523959967,21.29166453491422,25.9538242023104,6.678203423031064
2000-12-17,56.42112515630575,21.946721544464115,25.020404098468003,6.183407007241665
2000-12-18,57.2113094668827,22.93912587994587,24.2517318140715,6.385284878167807
2000-12-19,57.49433973420823,22.037472212111467,25.611482501274097,6.243180044856702
2000-12-20,59.12670855514793,20.60587179911125,23.8760673900211,7.6212274070587025
2000-12-21,60.28672535554119,21.56068016287354,23.30113504852008,7.863680015268634
2000-12-22,61.04451242510188,19.89911027673969,23.038084960857162,9.486359273202936
2000-12-23,61.1448779786492,20.53955073995136,22.072677020999876,9.116808883399928
2000-12-24,60.653882215610395,20.5023587297978,21.743592873450066,10.42268491717217
2000-12-25,61.27088006706513,19.261443800730703,21.75591572515103,8.643112365110685
2000-12-26,62.2157198410001,18.015098244066998,21.391228638427236,8.514072326453576
2000-12-27,62.64140216614145,19.046565824809186,21.95576030915875,9.40264925259581
2000-12-28,62.03441975865997,18.955608150705274,22.163166626392197,10.121712795228081
2000-12-29,62.11704658429626,18.200741923319306,22.731168600867203,10.350736141363345
2000-12-30,61.73752600538616,18.767560217499106,21.291069672998514,10.504109647991763
2000-12-31,61.03698752183895,18.691839842655547,21.127373935766492,10.614606088489094
2001-01-01,60.06905597602146,18.815862268342435,20.39370703103516,9.820703775898611
2001-01-02,59.50999129405433,17.33434952805635,19.478198624261857,12.381388525872946
2001-01-03,59.968595596235254,17.079089811178584,19.256689578773017,10.71007946226925
2001-01-04,60.47104530365653,15.070364669681085,19.401363998154757,10.202333975886212
2001-01-05,60.9017817220671,13.578330857205668,18.77994230994029,9.072931774735942
2001-01-06,61.14891481267606,12.447191811976491,20.285452268564722,8.464477802357058
2001-01-07,62.10688611935856,10.80653812822556,20.211926329408175,10.252354212156586
2001-01-08,63.87678418627528,12.57258449910709,20.558701037158208,11.793806703554148
2001-01-09,62.40305929064525,12.268422112612278,21.30358639633072,11.069914214986246
2001-01-10,63.18135469486145,11.101112963276506,21.403163742354785,12.047115155400082
2001-01-11,63.49759279416747,10.112485419537819,19.84750043899831,11.441461105270951
2001-01-12,63.80284916275665,11.224392830057923,19.18775067079485,11.315987080123298
2001-01-13,64.61473472216163,11.427740187489178,20.129945273388845,9.255286459388586
2001-01-14,64.41500660535839,10.207131802527812,19.50393162697052,9.689374434355065
2001-01-15,64.44592811066562,11.642924109874414,17.812868902936973,9.535675518034173
2001-01-16,64.4090110445339,11.556692622600089,18.94680560166543,9.037976989853714
2001-01-17,64.46122759213044,9.959353063098776,19.287282068726704,9.147172575969707
2001-01-18,65.81944019503976,10.873529840065748,21.597838586527985,8.88623602291338
2001-01-19,65.82651549308427,10.189594840709553,23.166564739613204,7.639581954677128
2001-01-20,64.71136153332051,9.248944552016848,22.86237423947817,7.241452657565155
2001-01-21,62.470943156780706,9.94900946074527,23.261131487432056,4.092205171481625
2001-01-22,62.18106719826615,11.253620425554605,23.864647953888824,5.114613750319688
2001-01-23,61.75250572091094,12.390226476187667,24.325422955549868,6.146601433305343
2001-01-24,60.09383679327635,13.690494504736725,23.1260641718087,6.279195029240801
2001-01-25,59.487946903478694,14.51862346228498,23.998776960384664,4.67934873467682
2001-01-26,58.53559024871835,14.963865367966147,23.447201261095024,4.9345894353051305
2001-01-27,58.51106305632228,14.49789616867637,23.26437493814358,4.1469332682856805
2001-01-28,58.83030000419417,15.679402291221919,24.74090307651974,4.010160275977931
2001-01-29,59.693426048288295,15.680736642515456,24.154256423679552,3.4402070504544757
2001-01-30,60.73713584973578,15.619673850511209,25.07962252064982,2.3896166019389184
2001-01-31,61.54135658619793,17.229902235799912,25.228808951676427,1.315216621960336
2001-02-01,61.397454803409076,16.01963457276394,24.64892992841208,-0.09352848798529734
2001-02-02,60.98267047114412,13.378089220227945,25.696882871379294,0.07310003833158216
2001-02-03,60.37802283667737,13.734743306023192,26.257060847247686,-1.1023977489565575
2001-02-04,60.29003940068347,15.652596485658263,25.156817071141763,-0.8356334773245225
2001-02-05,60.20085788883162,16.293606579915867,24.85188773413976,-0.0195762502188761
2001-02-06,60.02109557949847,18.400667178845946,25.527074169401434,-0.7886085028933508
2001-02-07,58.016748448110036,19.53521052207123,26.167238663341735,-0.19403065297210154
2001-02-08,58.959423851258244,21.723108041858236,26.011098088418976,-0.8313786387429946
2001-02-09,60.150837723828204,20.629104467237724,25.48797133803134,-1.3436247561555539
2001-02-10,59.72293024989145,21.2082503044244,26.67852818763244,-3.309938588273791
2001-02-11,60.7631287090876,22.411683462922557,26.408555241257332,-3.2271674787537497
2001-02-12,63.36333585465455,22.37818358253874,26.794703387340064,-5.328953257298867
2001-02-13,62.21127341821176,21.265228668172373,25.088677957659563,-6.864903831565944
2001-02-14,63.935486310949656,20.00769491663259,25.784655438887548,-6.69618039132404
2001-02-15,65.79647611157958,19.808889063935545,24.967597782032726,-7.044960057618703
2001-02-16,64.95188115279358,21.554693953285607,27.11081060794416,-8.141955282169535
2001-02-17,64.70397541795012,21.907348343666555,25.718739318978436,-7.115766999608533
2001-02-18,64.00022862172318,21.58816623858579,27.0280999170024,-10.41244852512144
2001-02-19,63.077907343966494,22.41206222796453,28.047317534220255,-10.472449468865262
2001-02-20,64.65240182568971,21.929488651374978,29.087768555609628,-10.859492478496023
2001-02-21,64.80642562349279,21.823414937030922,28.508393968622507,-12.909531560188777
2001-02-22,65.86041114453397,22.915531885496513,29.18251607845125,-12.368518640309532
2001-02-23,67.10727728314595,22.731673913871575,32.48142793832698,-13.432764501709773
2001-02-24,66.92482561833957,23.536261232754864,34.65409487266117,-14.061497332455085
2001-02-25,67.06103669863076,23.843011373360017,35.38447723033285,-14.32129878375573
2001-02-26,66.04216069289097,24.068822630149533,33.12216421122394,-15.416804139471338
2001-02-27,67.18381857728929,23.138452357365722,32.74410396115006,-14.909579187294195
2001-02-28,66.35531853718409,21.70535132124715,32.05840970107758,-17.727627000869102
2001-03-01,66.64032873374542,20.231854403550457,33.13895941366054,-17.350050571546046
2001-03-02,69.26817416388394,18.905497393408126,33.502891968009585,-15.703895838538894
2001-03-03,69.54566319755631,17.462230801006985,33.451027787884094,-16.59613488386799
2001-03-04,70.8752304854037,18.270092098323584,34.92199467366552,-18.646140665873922
2001-03-05,70.99267312087994,18.768513859546843,35.49269483626311,-17.46822546118304
2001-03-06,73.20391049359498,18.429078274409115,34.38988272593824,-17.57610109838747
2001-03-07,72.99904385958214,18.236515689129682,34.9817752657148,-17.458404717889525
2001-03-08,72.25820143881361,18.808775660452135,35.44232644055667,-18.372584559210402
2001-03-09,71.47162124622601,19.128415446767878,35.83366111183643,-17.87367716952719
2001-03-10,71.8957775787084,20.192955698184686,35.51704966551545,-17.67697488776919
2001-03-11,71.88041310668947,20.50023962432484,35.5448657715734,-16.55851491832726
2001-03-12,72.87059204862297,21.565284527346865,35.608681951569494,-16.455945166389274
2001-03-13,70.87722551392429,20.947401257960035,34.97030041307696,-16.44177797339814
2001-03-14,71.72387464070273,20.263230925633998,34.04275442660162,-16.55129294439229
2001-03-15,74.18985369304347,20.082246492063515,33.64210124553034,-16.03045406276809
2001-03-16,73.9058880009907,21.276715025271436,35.572169407242086,-16.305828917206583
2001-03-17,74.6430543255086,20.667196740493047,36.2366043843376,-17.29736527749245
2001-03-18,72.59606987045049,21.6576459956847,36.98233182335822,-16.247411096227804
2001-03-19,72.0832668101334,22.382882632572816,37.066914648952036,-16.60789524661835
2001-03-20,71.9417951541994,22.834829396059078,38.079268860751085,-16.202381265977476
2001-03-21,72.46432420294609,25.606097844778716,38.00856356734222,-15.982766563032751
2001-03-22,72.29863651037586,23.06401863067384,38.999452525956606,-17.37670874483207
2001-03-23,70.71966364246317,22.488335396072877,37.62576217482884,-17.232379653498914
2001-03-24,70.33572454298545,22.740731561317336,37.36378616108417,-18.871237926078646
2001-03-25,71.45936331062094,24.373224255575618,36.28524379693139,-19.96575719972631
2001-03-26,70.52651837675018,25.485149118226655,36.70724001392059,-17.3627271913707
2001-03-27,69.79909374809421,24.994660303065935,35.03964433659303,-18.114798493268847
2001-03-28,70.5998958757543,25.00173632397177,35.42526317886274,-18.497302218881874
2001-03-29,71.01195131984493,25.33224272877004,34.678471752237044,-18.002899899365403
2001-03-30,70.41777051360295,24.85524010074469,34.80138975931002,-19.70345754065669
2001-03-31,68.98406084454231,25.345013309503287,34.43969047329551,-19.918261684751336
2001-04-01,68.22081250206658,27.22518963248689,34.42343915689495,-21.191113847294556
2001-04-02,67.80976743065311,29.241271705294142,33.79260659840452,-21.139951573935317
2001-04-03,68.59048644117252,30.154798340158035,32.75790175516765,-21.878149788203622
2001-04-04,67.9851828747234,30.91067005193527,31.97597044535936,-22.282822273521568
2001-04-05,67.61659879850201,29.657247011422385,32.577916055179465,-23.783458467726113
2001-04-06,66.86566872917157,29.240228821248277,32.9066340909374,-25.52050887054491
2001-04-07,68.02812353970295,28.798250914781544,33.145917575537126,-24.54383518307085
2001-04-08,67.27944761931683,28.418846096484902,31.181269414113366,-22.563694755464514
2001-04-09,67.9857197233372,27.482371662718755,29.850150659567337,-22.046357573305503
2001-04-10,66.57296049924724,27.058416165534485,30.83623750489862,-21.70358161739089
2001-04-11,66.6296862436489,26.805915623453238,30.30250802774548,-23.111708056157987
2001-04-12,66.02768468335435,28.251781653582672,30.39497101230712,-25.55068154074708
2001-04-13,65.65241117762358,28.156783102243697,30.167457802208013,-24.738624055757676
2001-04-14,66.16859473407422,29.22191970172837,31.528988599275163,-24.33401338881402
2001-04-15,66.03083258884709,26.68513989062658,31.940173051283153,-24.605899509982326
2001-04-16,66.68479130677747,26.39463022487147,34.61571939725388,-22.63798273927496
2001-04-17,68.05859840666082,26.731121838021156,34.44203381891718,-22.69985301084572
2001-04-18,68.34104623697942,25.946461964521433,33.962451820388516,-23.436109059288377
2001-04-19,66.13708037043912,24.836964618223327,34.33978884115933,-23.9289175745183
2001-04-20,65.59326136196684,23.851012555858915,33.61855819649528,-23.749390585185715
2001-04-21,64.74094905919497,24.751420646286018,36.705855140334066,-23.357719695611266
2001-04-22,65.63130723896708,24.503664313518655,36.264985059661484,-21.65477506586582
2001-04-23,65.66320134831784,25.920865178650057,36.17096243133454,-20.830118514755018
2001-04-24,65.92949582720303,26.723045070863446,36.840888688097,-24.052338474887215
2001-04-25,65.85671721985112,27.82600437126642,36.35679683162319,-24.38311684165103
2001-04-26,64.74392455586806,27.635415319753502,34.68556595344028,-24.44907879393349
2001-04-27,64.21502470732146,26.393212459733636,35.483619593061334,-24.593994287541776
2001-04-28,64.4168007107685,24.539443036257214,36.852334201823155,-24.783067578780184
2001-04-29,63.82301850725546,24.524442689421292,36.48221492727793,-24.14089509917952
2001-04-30,63.70554172270754,25.018682198803912,37.64263288316419,-24.587909555340392
2001-05-01,64.32112582711602,25.15729894876081,36.27247460411377,-26.852476434974264
2001-05-02,63.82407164411064,26.057952461694406,37.72949911243865,-26.068494832441182
2001-05-03,64.57254007553358,25.627102356326503,37.626616169039245,-25.371591667059924
2001-05-04,65.739856157103,25.100004176813634,36.06135157099101,-25.380524832845758
2001-05-05,65.97670222079174,25.100683599710283,35.275954731840386,-24.433207008199503
2001-05-06,66.1174580645865,25.353486416598184,35.518036250513475,-23.706640465310752
2001-05-07,65.01604249104365,26.138603971456085,34.92326758973963,-22.584137894185307
2001-05-08,66.90135458653387,25.832763465603982,34.687965154566214,-24.62287815569523
2001-05-09,67.52708326184522,26.148097946986933,34.35650241466541,-23.820722627591834
2001-05-10,66.74153657184866,24.189069674087932,34.04316432205701,-24.12002014472665
2001-05-11,68.94293504222478,25.90358257137769,35.09861675058452,-25.676416021290752
2001-05-12,69.57872275424344,24.34996183896753,33.13229942116674,-24.17295593587397
2001-05-13,69.95791006458171,25.296185053454874,34.349084521406645,-24.347617513764682
2001-05-14,70.78900519462836,23.733595045897598,34.452173390480056,-27.726125889867415
2001-05-15,71.5461801732632,22.56611946132048,33.49965636161943,-28.234692045901877
2001-05-16,70.4099650683543,21.075116324868585,32.15869899996512,-27.29234199771643
2001-05-17,70.9232577222364,21.09382773009614,32.21033302144901,-27.77989764403084
2001-05-18,71.15939705297485,20.337679247963,30.79029648274129,-27.995529078911414
2001-05-19,72.38885909846043,20.50121032906502,30.23963917102061,-28.35309361147009
2001-05-20,71.86739358225462,20.146436615194247,30.19275758075446,-28.01387861697368
2001-05-21,71.30331843303308,22.311068798236022,32.0732135387284,-27.882490661435032
2001-05-22,71.02087103167447,20.61770344125593,31.146166144256735,-27.437609316057166
2001-05-23,69.76975219785454,21.999740429424868,30.48378509230168,-27.258940331587155
2001-05-24,70.07994787126762,20.66709427931281,30.964788939138167,-27.936684353790593
2001-05-25,69.16458592427988,20.257601502889262,30.501823532523648,-27.796348994378054
2001-05-26,68.17332190177156,20.724340160487895,28.851448668772846,-27.589879193274815
2001-05-27,66.64969385544225,20.267320828261145,28.14106417696356,-26.88745631414331
2001-05-28,66.99168431485127,20.033404940556764,29.178586999964807,-26.820235360999472
2001-05-29,66.5363512094132,20.66283785299946,29.6336340182641,-24.10955688555823
2001-05-30,65.61552414176388,21.11448496607941,30.03895754712918,-25.069489467274458
2001-05-31,64.85480713666618,20.50728878069807,29.961087539152064,-24.350700693495845
2001-06-01,64.85949444650747,20.406019142436612,30.313502267120388,-24.69117079939328
2001-06-02,64.53519930233404,21.407178189459163,30.005614296347,-22.98121202976018
2001-06-03,63.92970931419864,20.484311676030657,30.943048951288237,-25.286726466264824
2001-06-04,64.76685123106931,19.66801587412935,30.35084689407493,-24.389961114193074
2001-06-05,65.97778756711037,19.506820305159337,31.478742369628282,-25.682255024385977
2001-06-06,66.76831906011996,17.79011466683912,31.419187321808195,-24.82173944377016
2001-06-07,67.12714904963106,17.366666599773044,31.563615018329664,-26.05979886757306
2001-06-08,67.72914565368119,16.010142762970357,31.07123681528417,-26.263299622440584
2001-06-09,66.80750643205545,17.044529897851568,30.51146076727359,-26.17498002106004
2001-06-10,66.41568154704969,16.00996577403343,31.934090984718562,-26.745268255222932
2001-06-11,66.0118269002301,14.67052544914005,32.35233731624886,-26.842521977130964
2001-06-12,65.33754384755791,12.768909902500619,31.74688958216645,-25.533800036132433
2001-06-13,66.95579657852491,10.78522189368953,31.90525166235956,-24.30388687322972
2001-06-14,66.89132162290717,12.154347553261085,31.247202879309192,-23.578060680351225
2001-06-15,68.5201355367809,11.331481595570335,31.43294678622144,-23.13451501011377
2001-06-16,69.27737440162485,11.56431205955846,30.918120394451545,-22.797375957539757
2001-06-17,67.83693897360857,11.653798747732251,30.060662796344655,-23.695527390958958
2001-06-18,68.84831922650669,12.592861562254472,32.21706089068991,-25.0178518460186
2001-06-19,68.78791614137116,11.743881913368268,33.119013336928084,-23.381574235124273
2001-06-20,69.70283665858156,11.515789557650756,33.96447533504308,-24.192409543650996
2001-06-21,68.84073711311211,11.110291719569421,32.27550127680661,-22.902392195220962
2001-06-22,69.21038676143341,9.880100180818191,32.115314347018575,-20.01115769717757
2001-06-23,68.06449430880791,10.104110528498037,32.65384708171506,-20.73450809899823
2001-06-24,69.33623598912597,11.098672160351153,31.66588290756993,-19.37677850454666
2001-06-25,67.82061633139149,12.384931842878567,34.55262048812059,-19.343690403293703
2001-06-26,67.29065674581646,14.105433294065504,35.8080618874895,-20.270611463515966
2001-06-27,67.69505238311419,14.789156447462434,35.672702329171194,-18.471299696850146
2001-06-28,67.68063106413737,15.960998381664705,37.13837138474757,-18.588856772740737
2001-06-29,67.06049579746258,17.018073840218275,37.239894938667945,-20.73382322989981
2001-06-30,67.07927460153815,17.086002719603776,36.79400011180552,-21.03221050831679
2001-07-01,65.45151980550511,17.75008986882678,37.55454467379659,-21.427107725423852
2001-07-02,65.4289601309439,18.430345613366384,37.685070988320874,-21.10611287068136
2001-07-03,66.39858679329264,20.049264552197492,38.440407073071086,-21.443602921689862
2001-07-04,65.78124455040259,20.833205340272535,36.9925033187282,-21.240181399248716
2001-07-05,63.10649301741074,20.84289360721697,35.83869449555603,-20.643234724473995
2001-07-06,62.940804566589605,20.49963947025729,35.03634846495698,-20.779956825141245
2001-07-07,61.600041750229714,20.237080081146615,35.76376919846578,-21.008899489470572
2001-07-08,60.08074731223682,19.695265802474974,35.21191024994157,-21.06146276824988
2001-07-09,59.43851156687527,19.649613408418144,34.2752761805189,-22.7448455984592
2001-07-10,59.637835980603,19.42185491366556,34.82897757438976,-21.69203437889758
2001-07-11,61.44953852558329,21.04582057492221,34.1717713345906,-21.77783043354318
2001-07-12,60.22663861530492,21.40234826950117,33.093173999981204,-21.312910953378957
2001-07-13,58.94770436955034,21.49171567785749,33.03841414022346,-22.551651925683025
2001-07-14,59.33892822141148,20.43218606421157,32.269286948666895,-22.58192774402436
2001-07-15,60.09191698824128,18.994961922832413,32.33547197159325,-23.69732476057722
2001-07-16,59.070085690890686,18.65452390519855,31.85733728791865,-23.507170144759723
2001-07-17,59.82525040382597,18.886596725393478,31.96291462423441,-23.19020657300118
2001-07-18,59.08757135676346,18.55349163037625,30.189977920892744,-23.63610366241872
2001-07-19,60.55748172855471,19.124376570792826,29.893561775408035,-24.649065458130245
2001-07-20,62.14215741906284,19.001513816219685,29.078376903651577,-23.623307021911394
2001-07-21,61.94627876059751,19.810061457359357,29.272392213413223,-23.970007719736795
2001-07-22,62.35821853938234,17.55788305162549,30.119681452669713,-23.532949769187947
2001-07-23,61.43996267959073,17.583114628049714,29.150352262120382,-22.739524794470867
2001-07-24,63.45249823889067,17.769812510137385,28.949244314114196,-22.526422427818293
2001-07-25,62.805483740343696,17.346721891787915,29.00176507716265,-22.70762181353587
2001-07-26,64.02978856422567,17.812406084549405,28.411778300837618,-23.916772015723403
2001-07-27,65.77475190748369,17.874789731002043,26.898597252254014,-22.801182865074363
2001-07-28,65.74476227062642,17.705245397166305,26.475644450416812,-24.262529500061728
2001-07-29,65.54984888153105,17.736716057984662,28.270916999316512,-25.835205569621053
2001-07-30,67.49309272537113,16.644736375037187,28.559004495559748,-24.752997160739447
2001-07-31,66.11480566690028,18.22739778572496,28.320305361057553,-24.83763151914125
2001-08-01,65.99672073919598,18.287022378560167,28.476164620015265,-25.630304784778897
2001-08-02,65.3074479723319,18.731456663637577,28.80140698320557,-25.180808858809716
2001-08-03,65.36443086424121,17.30031743834475,29.82057686782397,-26.087796976647425
2001-08-04,63.66292113018604,16.721770994760675,29.292564950164905,-27.466608570037437
2001-08-05,62.52618603026565,16.84149561002276,28.333661245747614,-28.008220990334628
2001-08-06,63.01037554042863,15.993764385946596,27.881040070023175,-27.807945595688466
2001-08-07,62.51661831454541,14.426762728464588,28.211686082380723,-27.029627563779382
2001-08-08,61.94107802021758,14.358544500674837,27.676244551164356,-25.93795511253488
2001-08-09,60.394751741986845,12.827018646751242,28.479940849871316,-28.086286343729686
2001-08-10,61.122201763681346,13.508640804961068,27.50143153822255,-26.917616661182603
2001-08-11,61.77528255667752,11.656621349984327,27.951393788746895,-28.19499946506653
2001-08-12,63.02053677471619,10.32727054295721,28.567799223714935,-29.038051092851624
2001-08-13,63.33844954685037,9.63423293044383,27.158727524673285,-28.52165837327376
2001-08-14,63.78523613500109,9.009773614665223,28.264926102665438,-29.623061045268962
2001-08-15,63.59490617694292,7.082696771015502,25.95598599662181,-29.307591883073947
2001-08-16,64.7496790922052,6.884974030750113,25.00527479401564,-30.232822070166424
2001-08-17,64.14396445717928,7.498705408910829,27.083328163883127,-29.91178494778128
2001-08-18,61.858227812380015,5.754494846789675,29.05238173551759,-30.033236815286532
2001-08-19,61.53665680329366,4.687857508203456,29.111881851937465,-31.398534063596298
2001-08-20,60.50428389917729,6.577537430149128,28.91488452205314,-29.871654448462014
2001-08-21,59.74062391298265,5.175665904235041,28.84553169104397,-29.576842065378745
2001-08-22,59.07749762578533,3.209326023871435,29.50144658015508,-30.373532043283355
2001-08-23,60.119654382461036,1.4682904191519723,29.810635444764102,-28.295401744725975
2001-08-24,59.53541710113677,2.646028646400848,30.262348447877987,-27.85647147702446
2001-08-25,59.65519717254114,1.275540864319312,30.046419551827782,-26.088928598954126
2001-08-26,60.41622142271731,2.076939953751353,28.393037566031193,-25.990400399668545
2001-08-27,59.065604398574365,2.66417007445966,29.968130456365024,-25.605444276975255
2001-08-28,59.987540829061096,3.1608175582457365,30.12829870074219,-25.946396339989537
2001-08-29,60.026956131579425,3.3299169425151276,30.50241657178995,-26.47108912380046
2001-08-30,60.02877185032784,3.8303339731280444,29.974992732136318,-26.24327977886248
2001-08-31,60.792746625966736,1.8259875245276191,29.5559063777605,-26.236092137548447
2001-09-01,60.783564295295236,1.6421467257580225,31.54221007749975,-26.952306723229736
2001-09-02,61.1447432459673,0.8961693697153379,31.23800867114868,-28.12221486707108
2001-09-03,61.430642177300676,0.7343496762371959,31.66130409432225,-28.4610435860467
2001-09-04,59.67134840937572,1.9057141577574421,32.01322680938784,-29.126222596302114
2001-09-05,59.49826808068777,3.415476560310831,30.656553873144947,-29.236818397553538
2001-09-06,60.43340702931503,3.850898090360293,31.87589070171452,-28.377181355628196
2001-09-07,60.28985688788029,4.837310613411434,32.101080445048176,-27.179682262911435
2001-09-08,59.826716358916826,6.186301203922443,33.27249959510075,-26.336576608742124
2001-09-09,60.98940849541747,5.810205168439052,31.42467093369909,-26.14426711671397
2001-09-10,60.45414532728294,5.054713299631781,31.997698423363794,-24.67249833193771
2001-09-11,60.69603083019673,5.18385844029394,30.49430568527929,-23.06361066719173
2001-09-12,60.21124264367886,6.264990791488797,31.42727688530122,-22.418319308209604
2001-09-13,59.908602597660334,6.3610889018305565,33.342877985037155,-23.51853183811169
2001-09-14,57.883777524583024,4.721471711817978,34.290131463231,-24.421490215693858
2001-09-15,58.46666843782154,2.930632761651428,36.25872737779023,-24.30219763985789
2001-09-16,59.779052886665156,3.496739895728213,36.63436298904838,-23.838824444861668
2001-09-17,57.86496125314124,3.146458560078361,38.700744750455385,-24.156391229704468
2001-09-18,58.794918941764614,2.587966733420783,39.14665426609603,-22.186774569854727
2001-09-19,59.16693890917643,2.2048102254374506,39.413211496024424,-21.181318978187672
2001-09-20,59.12473342720253,2.9252207440065616,40.36429508306503,-20.08931536961012
2001-09-21,60.0464220165067,3.279926675180229,41.560099011434424,-21.6574549514568
2001-09-22,58.919292598875316,4.413490325329937,42.5676250595898,-22.404562386742867
2001-09-23,59.21653476547606,4.243619721167484,42.022517885676734,-20.54601294024311
2001-09-24,59.084350277546015,4.265674727171411,43.4349583961377,-20.405051046930126
2001-09-25,60.29504057244908,2.90893755941416,42.631194785180256,-18.89540655059286
2001-09-26,61.294696303191124,3.870786495647086,41.76963324112202,-19.644209391727998
2001-09-27,61.188922707691,2.405274403336211,42.55945605945706,-20.77649260890396
2001-09-28,61.338618893402916,2.246344377743562,41.92886224488641,-20.652263676469783
2001-09-29,63.116888712638534,2.005087691519982,41.590110969410865,-20.954047535250822
2001-09-30,63.42341802906152,3.8199780291526473,42.17495839521804,-21.6531739753727
2001-10-01,64.65214932325048,4.627431622272193,42.6217028776608,-20.435560536594824
2001-10-02,65.67584524186847,5.708988422775847,40.84368598827157,-22.323743768562746
2001-10-03,65.85816689420288,6.134806055743206,41.281550085445254,-22.305835128705567
2001-10-04,66.65584885445918,5.614919367950905,39.369964540847796,-21.444641034859917
2001-10-05,64.99379529988181,5.459720257195707,38.862064138386025,-21.561000463687908
2001-10-06,64.41060237097624,8.334710461610507,40.602958588921204,-21.13746670140962
2001-10-07,66.10037118757268,7.737048250115078,42.745176730525735,-20.111314379714415
2001-10-08,67.42649867253779,8.628566380612709,43.944752040535874,-19.663223572662737
2001-10-09,67.75413391708689,8.741664326553162,44.094387949759025,-20.289596857951803
2001-10-10,67.45596939370117,9.571004067497817,43.09759943253377,-20.686110982886134
2001-10-11,67.25485363043859,10.162522810419851,43.14264595247013,-19.661778135500345
2001-10-12,65.65912235936818,10.43110267122515,44.40582612971816,-20.777064216634543
2001-10-13,65.73942576669235,10.76715018877885,43.61266867524676,-23.31636905874356
2001-10-14,64.84326418692825,11.577957517141739,42.863250351492084,-23.20549152676815
2001-10-15,65.11373862295586,11.162560669191357,42.32825522463449,-21.39954444748923
2001-10-16,64.22845789359931,9.650031541155048,43.42751692568876,-23.56812264395962
2001-10-17,65.67969299085311,9.606016805751695,42.819497636178085,-24.54981211918967
2001-10-18,64.60006563369545,9.397807917580115,42.5158167240215,-25.575935253725316
2001-10-19,65.19833072244788,7.990785533589566,44.70632000783313,-25.9394249203147
2001-10-20,66.73636700536542,6.849373794017415,45.16165843567082,-26.1636778429146
2001-10-21,65.19729123224924,6.024137421153926,44.12566804788584,-26.087669243879343
2001-10-22,64.06869557015011,5.030962258711854,44.73958023124453,-24.396122342355707
2001-10-23,64.61642610681673,6.355246315711201,45.176095998791915,-21.987493379053298
2001-10-24,64.44334016812188,6.578832067303599,46.38432205901765,-22.690911393797347
2001-10-25,62.628865074457615,6.880914613588715,47.00761708345708,-25.156088890267775
2001-10-26,63.2266871735456,7.906098619210137,45.59292533694617,-26.438264277685054
2001-10-27,64.14882716948279,9.597694513538572,43.537546359355744,-26.966816957053073
2001-10-28,63.74988374588326,9.47157037826638,43.15479041507465,-26.968912746757923
2001-10-29,64.75195719273889,9.491255163023984,40.896113335211176,-25.9692884496966
2001-10-30,64.38562933300508,10.019557926175287,41.039544630455495,-25.321260304048906
2001-10-31,61.343521720616444,8.822050667583706,40.35232556475819,-26.362994884628094
2001-11-01,60.18810767792293,9.2035601131785,40.55336468614188,-25.517493816385514
2001-11-02,59.8642149962639,9.782014651900289,40.72809325027628,-26.063651324891374
2001-11-03,59.770630853972236,9.229745662384278,40.26434008917191,-24.856676719293397
2001-11-04,60.33814842729536,8.48957004223712,40.07805507602157,-25.51132582014488
2001-11-05,61.04099919381603,8.114468517223052,41.33242751553535,-26.749719080707425
2001-11-06,60.542787585415546,8.647735247901522,41.20906985035256,-26.5026712740208
2001-11-07,60.33984142870523,8.63199893905007,41.22725541516525,-28.558655778386356
2001-11-08,59.694223090022454,9.387211540096843,39.44947461086796,-28.389435367542646
2001-11-09,59.4955064129373,10.14169421312592,40.00564812498936,-27.931796107012843
2001-11-10,58.18743366260314,10.588610286531969,40.793192504137664,-28.164591709423846
2001-11-11,57.84471370411688,12.486139461317798,39.51493900717653,-28.776560331437718
2001-11-12,59.62662449034051,11.12511552757316,39.327936748107795,-28.3631354691202
2001-11-13,60.66398822674265,11.720134949710163,40.34328734330508,-28.391067865220897
2001-11-14,58.89295850632067,11.36760373219173,41.872493104872405,-27.82003860382423
2001-11-15,60.65914939021445,9.126876591708491,40.64431730503937,-30.718899588721804
2001-11-16,60.48490486642891,9.386908986799694,39.36641892264173,-29.14467737317726
2001-11-17,60.1469700901036,9.535642194039543,39.576787732212374,-29.672242607444243
2001-11-18,60.83305080101334,9.846878152471085,39.036775252517565,-29.942732188966673
2001-11-19,61.387428197263596,10.318812032048463,38.938010313544005,-30.765758318457888
2001-11-20,60.3201417306963,10.203676740762104,38.251878060607986,-30.988834408974284
2001-11-21,59.129515633534716,9.226492321470422,38.37823349061084,-29.61978750179548
2001-11-22,58.74222970184339,9.454047356439101,38.42281704308564,-30.373453148628244
2001-11-23,58.991778848359125,10.46505151718468,39.04844154979928,-30.513920381492824
2001-11-24,59.05897878843584,11.592287544771223,38.95446437756317,-32.96260595742963
2001-11-25,58.75555992254201,11.685363392778642,38.8006799518944,-31.955602720266654
2001-11-26,57.871442602841995,12.224632304622743,37.62146073702909,-33.06096406276294
2001-11-27,58.801443824102655,12.350558150742218,36.28206892253618,-32.424639079476044
2001-11-28,60.61002818849104,12.966770486461229,36.93233110565194,-31.965324306010313
2001-11-29,61.99527972101541,14.232718590558708,35.29473836246647,-31.009399788901735
2001-11-30,62.14949161549571,14.445753934922235,36.54709892795276,-30.705504302135147
2001-12-01,61.59769602487816,12.298510741087547,36.448807826552354,-30.602059586331094
2001-12-02,61.50149527416434,11.852125297190929,35.00898290854247,-31.798458801002774
2001-12-03,62.79013742935937,15.180704759327273,35.832158658257555,-31.756253518613203
2001-12-04,62.36150003773845,16.31890826590867,36.17636587767986,-28.890985267630345
2001-12-05,61.21252939989061,15.352474977206477,36.89530388229993,-27.94035035625461
2001-12-06,63.46119143336861,14.778445811529918,37.00176840880616,-28.49200092779462
2001-12-07,62.65758394682817,15.17080991526613,36.93442047854769,-27.84896652753018
2001-12-08,62.603371849284486,14.681271063938317,36.78973725787282,-27.337612318836076
2001-12-09,62.51192558538876,13.721417393535267,37.69008082577193,-27.507531566348074
2001-12-10,64.58215378405923,14.801622308001201,37.80827744155657,-27.09853493577967
2001-12-11,61.373830489533816,14.20796984893648,39.53343812248678,-28.489203470679612
2001-12-12,62.64723703706038,16.56647387105841,37.49440664625834,-27.546495133239826
2001-12-13,63.24460932049945,15.931179653123987,38.30250365831709,-27.626670381757382
2001-12-14,62.421521212241444,15.39037133362573,38.36912594180062,-27.031613208088874
2001-12-15,62.62216728337808,15.684301274923799,38.40773401603034,-28.71698471426235
2001-12-16,62.29642148226781,15.98166047876929,40.370498668434,-28.907060726401227
2001-12-17,64.40891951731108,14.644729497494275,41.06340846317043,-29.99252026826133
2001-12-18,64.08039988387074,16.064374544642288,41.06971284488749,-31.0962921792213
2001-12-19,63.972284222067195,17.053236437726767,41.2677677955041,-30.80156145472962
2001-12-20,63.39141997558243,17.442258503978906,42.77144548321898,-30.475554751623534
2001-12-21,62.11103840790969,16.119522788008886,42.89774086491371,-28.24844251207913
2001-12-22,62.330962366997845,16.156123198986656,43.657300462346626,-28.420508674127245
2001-12-23,62.91235367013115,14.809443329671033,42.68105895558772,-27.28358967669321
2001-12-24,63.05985701851889,14.506518320617396,44.06008728338974,-27.571278657909062
2001-12-25,63.23009816966865,14.546247772473308,44.61729439064773,-25.75137749842754
2001-12-26,63.66480170093965,15.11142820310204,44.363544827235735,-26.984463732115206
2001-12-27,63.181581148932295,16.126395143208068,43.956211904034824,-27.669712118402856
2001-12-28,63.011520132291324,17.146863162210586,44.05438485219305,-27.40973644260568
2001-12-29,62.72857616038748,17.281017252620323,42.659304045942925,-25.86535816481089
2001-12-30,63.97055115572548,15.605005009569307,43.207764338261164,-27.434584317499656
2001-12-31,63.34213555977144,17.164188756688304,45.366992756392136,-27.768532349711094
2002-01-01,63.71187328236261,19.414995949784593,45.27800729782949,-26.0249887022978
2002-01-02,63.888707812758156,16.707796573154837,44.99003977018535,-27.59938468016695
2002-01-03,64.51128430359059,17.696542660652145,45.544360547070546,-27.94763393335727
2002-01-04,64.23005234278341,18.24665594538423,44.77941041920883,-28.03761964699431
2002-01-05,65.1432014966724,17.483300957686396,45.094000872165,-28.495363384002093
2002-01-06,65.36076983211926,17.594842975003914,46.28999159244749,-28.33201808799315
2002-01-07,66.0746022967214,18.251576915839113,47.554611812839205,-27.65718198970543
2002-01-08,64.55490104896313,19.414297543425242,47.86596364052812,-26.473616589246532
2002-01-09,63.71636566801763,19.4295541850926,47.28412542541881,-25.95447604507274
2002-01-10,63.14242004025517,20.31998877431109,50.11903770816558,-24.225449308176493
2002-01-11,64.48528708507696,20.73951270127977,51.168730883795966,-23.466388393399892
2002-01-12,64.73394971028905,19.476841430115137,49.89823971339175,-22.326365592860615
2002-01-13,65.56015244580263,19.837043484799015,51.24458170449132,-21.706246223581246
2002-01-14,65.85787308465632,20.94110702272063,50.398878771310905,-21.302996377127762
2002-01-15,65.16307395327755,21.6855719533765,49.96636498658676,-22.816603837076737
2002-01-16,66.60890248027455,21.778368102784167,50.94753875224354,-24.047460568979837
2002-01-17,67.18219516385165,22.066149912651646,50.488923165119196,-25.930529845210245
2002-01-18,66.99568037130508,21.79477892154897,50.26388952442449,-26.338410943782304
2002-01-19,68.34599835477259,20.660854728085233,50.61377762201409,-25.549085199571206
2002-01-20,66.76180499976566,20.9448569507261,50.52670389867236,-26.23943314394993
2002-01-21,66.07424046195274,20.77375669107988,50.423797827149016,-26.47834804906245
2002-01-22,66.06015106153629,21.018766857624353,51.70671272196642,-26.18157667817272
2002-01-23,67.0391634283479,20.81343286959492,52.607298782884094,-25.70873695008831
2002-01-24,66.12286749323769,21.323559735383927,52.73042695769982,-25.558438375767878
2002-01-25,65.78240016403272,21.53842853850564,54.817551530873835,-25.252619845021137
2002-01-26,65.59022391080103,19.71417103621864,54.963937522454515,-25.578147509075336
2002-01-27,65.68750457894974,18.59067415880523,54.44667488202546,-26.21639343120143
2002-01-28,67.44187419702945,19.678900144815003,53.811528731613414,-26.033659583659016
2002-01-29,67.1947117922622,17.93022401180707,53.09022592598679,-26.314505347914224
2002-01-30,66.74644792230924,18.32066855802417,53.431292198660984,-27.33277142247671
2002-01-31,67.28895079942178,19.47792345776541,54.05118103364669,-25.618566620037107
2002-02-01,66.43258478990514,18.22653385865585,52.509728005498445,-27.336666724647532
2002-02-02,66.24003717799157,18.034807984031232,50.69671652802123,-25.80857815657076
2002-02-03,67.111379732436,17.285281389779566,49.42202298619612,-26.52612709851371
2002-02-04,68.13963669448297,16.619082344904093,48.81358545603136,-26.931466480273798
2002-02-05,69.30395309572872,16.8757539280288,48.3506006891294,-27.924086071532376
2002-02-06,69.43447554987348,15.312132556665645,48.64258118740748,-27.970661496673426
2002-02-07,70.04909108107525,14.060837965518015,48.30283273848791,-29.519100881165258
2002-02-08,69.45471897268943,13.16946820066314,47.557766752477534,-31.36627174011514
2002-02-09,70.5164133283394,12.568286696655719,47.14112127888675,-31.695412163288324
2002-02-10,70.06200880061799,12.106289332227265,48.146797344803154,-32.90999773388
2002-02-11,70.58174559673172,11.44368676811689,47.633194144857534,-31.290243522835844
2002-02-12,71.70905051443295,12.057559134292726,46.29897281077629,-30.545784642202126
2002-02-13,71.53466436682979,11.553515819405744,45.92072001497551,-31.455494488425195
2002-02-14,72.54639156823528,10.387997805148471,44.337864309225246,-29.986064631764318
2002-02-15,70.27865949208369,11.307442193241107,43.679565328102115,-30.91853392820188
2002-02-16,70.5921566813296,10.469744998031382,43.589426493725604,-32.94412608347599
2002-02-17,69.53466372984168,8.987951992602708,44.86963276697405,-31.542185591532494
2002-02-18,70.29018413206053,9.013344860844244,43.952638229694564,-31.074148052230196
2002-02-19,70.58999666197914,9.36544006091022,43.208312763758016,-32.23930241367006
2002-02-20,70.65119086876358,9.045548933549181,42.406764104913805,-31.25609031398023
2002-02-21,68.94932593260336,8.308650221954874,43.452371142924356,-30.45280475318077
2002-02-22,70.33575790901519,7.284326185999445,44.88943864065446,-31.728658455364258
2002-02-23,70.28977448981607,8.274221604968508,46.10906137032484,-32.96528320676771
2002-02-24,69.56298415690361,7.695274537808532,45.94874100743369,-33.94663444184479
2002-02-25,69.28827913214424,6.899846744192749,46.77472161041313,-33.735081576969854
2002-02-26,69.07304703805525,6.378812615799761,47.1389520732189,-33.11420078087546
2002-02-27,68.27631342528818,5.466288644556675,48.337716638748,-33.657148151735136
2002-02-28,66.45720758360268,5.583966305107909,48.67722486555097,-30.758691323522598
2002-03-01,67.51534295359353,5.758181716819075,50.26421050770702,-31.074123540436112
2002-03-02,65.75735329286961,5.920647737740587,49.00226223288153,-29.402755192497864
2002-03-03,63.93417928613726,6.995635308888765,48.44695104729533,-30.210907577188046
2002-03-04,63.8904913669078,7.952696805616936,47.20662764467421,-29.818320255583444
2002-03-05,63.22971963793113,7.640003855451542,45.60121431822645,-28.318028207509812
2002-03-06,64.07777969506894,8.806107814785872,43.46148854951877,-28.1621410269692
2002-03-07,63.980452829448296,9.27800978366373,43.374379067738914,-28.199756510969785
2002-03-08,62.82071137316251,10.809915379795347,43.39419730968298,-27.289259054199523
2002-03-09,63.01543928910699,11.262543807378492,42.74439041432293,-26.358915240511884
2002-03-10,62.25389225924141,11.936193285214404,43.584117119788615,-25.763441608000978
2002-03-11,61.9986836471361,10.721715609935382,43.50557771200687,-25.898551003199884
2002-03-12,62.06971390982741,11.73447942498801,44.70188614008792,-26.93650483025028
2002-03-13,61.18520811047235,11.76860655726297,43.886366964467555,-28.7746763743736
2002-03-14,60.827595201789244,11.717901173531446,44.37061582005307,-28.794253706222666
2002-03-15,59.04299180365533,11.060393959780201,42.45892216760843,-28.50359569342185
2002-03-16,59.45713004074407,10.06516512751738,40.763278568876586,-27.216036786153836
2002-03-17,58.15979500177559,10.673087820149311,39.782968783234615,-27.51247885532788
2002-03-18,58.63218468411128,10.316227673004688,40.19649079763398,-28.545976579308075
2002-03-19,59.193493774340816,9.70874661634099,37.93131714457456,-29.65924330122655
2002-03-20,58.30309972776492,8.463697720509519,37.580144790181585,-29.251416235844708
2002-03-21,58.58647998623352,8.229760866331086,38.89304963381824,-27.92538772563006
2002-03-22,57.31702391947541,9.972448018626167,38.48608040047592,-26.313440271805863
2002-03-23,56.31364794074916,9.431279011026414,38.098416630866765,-24.627290098558344
2002-03-24,56.3987327219858,9.833934666512748,39.24986848112432,-25.17181788934526
2002-03-25,56.096164707476206,10.291630612847445,37.9193885997083,-26.040811266009012
2002-03-26,55.66908116633139,8.311571614867303,37.4115237415847,-26.411283540642682
2002-03-27,54.90224775416568,9.157648848656159,36.434770401504544,-27.769068067776825
2002-03-28,55.45384111499733,8.585242413503051,36.027937186731194,-27.126836334367837
2002-03-29,54.958192342703065,9.705445895963384,34.79752229177188,-28.155647159523053
2002-03-30,53.73028746288798,9.383558955268654,34.482185042779946,-28.580149418465265
2002-03-31,53.252391735006846,11.13149064591001,35.15442928652619,-27.444843329798623
2002-04-01,55.566140637776726,11.73836250606381,35.06347069319663,-27.86979836112006
2002-04-02,53.406700837323726,10.367903487434369,35.76943806208673,-29.236296300878948
2002-04-03,52.991307759247825,8.410229146272085,35.62333266778408,-26.709709654274526
2002-04-04,51.57054028464139,8.486351788570978,34.8361356259716,-25.54637902691783
2002-04-05,50.704296637006145,10.163567525906208,34.94093819262417,-25.818565250011854
2002-04-06,51.14064423252347,10.465360409588468,34.43967133875139,-25.286945750404577
2002-04-07,50.067901720904196,12.305722846432737,33.870706901924066,-25.189896214131625
2002-04-08,50.46783025149612,11.800033792389177,35.20530465156389,-24.847456052696277
2002-04-09,49.415930389340275,11.235679696659405,35.3615650408364,-26.586929334455824
2002-04-10,49.00995555587022,11.263797650632876,35.69476442435463,-27.766154751529797
2002-04-11,49.41609527006221,11.70656843144395,37.40889541951251,-27.44164448432399
2002-04-12,50.8369420374935,10.919947807540133,39.098090694545434,-26.13230431569312
2002-04-13,49.31281200755366,9.28293573937679,38.52830320057745,-27.217904119426205
2002-04-14,47.9671776204533,9.612692072886562,38.962386308479495,-27.437082273956364
2002-04-15,47.946571261480074,12.290809952152959,36.96495066604816,-27.436197254983327
2002-04-16,47.37625083087564,12.266180383968624,36.01692482722898,-27.036008540034672
2002-04-17,48.10646702812483,12.164647027313217,35.695027297436134,-27.74668645015878
2002-04-18,47.78744737180248,10.010218797476547,37.214509302427615,-25.53715747732336
2002-04-19,48.89701330439443,10.506661879235358,37.12416885835684,-25.755854488348174
2002-04-20,49.86846309084674,11.625763804420151,37.04916694796239,-25.716712694889058
2002-04-21,50.06115419723167,10.811558282272026,38.04710278130598,-26.57181364857233
2002-04-22,49.38299139566795,12.965345419263098,37.42450464475496,-27.610739701970346
2002-04-23,50.46317425524621,13.072142092412344,38.239777027190094,-27.193162192412387
2002-04-24,52.26899477636647,12.408213594757804,38.40409409924911,-28.197606400477756
2002-04-25,50.36837806119764,12.724331475457321,36.91933784562849,-27.79411530914167
2002-04-26,48.84604409450962,13.768869292894628,35.32090456853763,-27.28869462958496
2002-04-27,48.879983085998774,12.906284245895993,35.76987242609276,-27.342010416810254
2002-04-28,48.540222231505304,12.318616788937222,36.166335379392635,-28.55297532539181
2002-04-29,48.87400553676457,11.873340664406783,35.73107414301742,-29.739865650919125
2002-04-30,49.12347631373331,11.153846355818727,35.705443204545226,-30.259885682309875
2002-05-01,47.21554512511437,12.420853912488164,34.815671628416446,-31.27902914896517
2002-05-02,47.343759196438526,13.745852213471053,35.07870196463317,-31.696753939115546
2002-05-03,46.73560383246771,13.152950618612234,35.11371973245128,-31.998611872526514
2002-05-04,46.19699584473587,13.811964504630513,33.80652206814559,-32.01605443718848
2002-05-05,47.847890387699145,14.090117514518347,32.266120498620545,-32.16287034043856
2002-05-06,47.79140077095027,14.520711679454504,32.85783213347672,-31.99082578894396
2002-05-07,49.070962627359016,14.125036183512888,31.647369299669037,-33.429093582748415
2002-05-08,48.8149676792148,15.61469675415193,31.586627759398,-32.65850345198516
2002-05-09,47.83429529395218,16.680148082475334,31.001155458074198,-32.97703454614736
2002-05-10,48.959157620818345,14.86389785291693,32.64643242675191,-34.94424098342133
2002-05-11,50.93960082378461,12.584279929285742,31.456565118276895,-33.465448240447124
2002-05-12,48.71053157223309,12.728128154973634,31.023403287464998,-34.818534302696364
2002-05-13,48.674365047409665,12.823626932870049,30.51315218928211,-36.00864115027323
2002-05-14,48.43778984987623,11.882305870720108,31.291687154479167,-35.655942080229494
2002-05-15,48.40342191727592,9.732468401241691,32.47106459578442,-34.92623697541831
2002-05-16,47.991852087884325,11.073259470261206,31.151595189944825,-35.18640816969286
2002-05-17,46.972754203823804,11.360174616519952,30.459564227842954,-34.89206727535401
2002-05-18,45.64331633873175,10.376376846774786,30.751740372541533,-35.329700547795994
2002-05-19,45.25051821554085,9.731014357116592,31.213831366398274,-34.17184099012055
2002-05-20,45.37805173921655,8.630027370602656,29.589243774003293,-33.46526238537133
2002-05-21,44.10548006600456,9.181101628299624,29.210404118013344,-34.15345326324607
2002-05-22,41.92133886549468,10.008169154943042,29.569715621164463,-32.99030236103515
2002-05-23,42.13382495974535,9.642662900186373,29.06995473872534,-32.243642169480644
2002-05-24,41.63498284209958,9.844579613375217,29.593568511165508,-31.99087903449995
2002-05-25,42.361570264663435,9.26840422882089,31.31915652083187,-32.21801777744063
2002-05-26,42.71664615769551,10.318438186335058,30.479319212323052,-30.772569839957878
2002-05-27,44.615083869658854,9.715608055656308,31.06891386265086,-29.749986341735568
2002-05-28,44.39699371254344,8.858475065112147,29.361789858163785,-28.560457086848675
2002-05-29,44.04275812030938,8.039673785440788,27.460501498402227,-27.290859291310646
2002-05-30,44.330157588405385,7.105740394780749,26.592953407309217,-28.084020955864638
2002-05-31,44.29429091447164,7.557512329588717,25.026241997591608,-28.590416717097042
2002-06-01,45.1331603432884,8.718709397771644,23.547148321834275,-28.107955702183038
2002-06-02,46.07455135872458,9.611538486658665,24.70429003794645,-26.857593423433933
2002-06-03,44.53057069998206,9.289272197703275,24.30206105841304,-27.483680326320776
2002-06-04,45.362858969589915,9.258167888475018,25.025932976555694,-25.165880156147658
2002-06-05,45.29945037742899,8.928788262156239,24.43315340239246,-25.635563702708033
2002-06-06,44.74540226428401,7.718447581026668,23.831395783941375,-25.801956222551464
2002-06-07,44.02427268490498,7.678178703102903,23.72029260008766,-24.74508175665892
2002-06-08,43.72986920195464,6.791704025571432,23.003790384388417,-24.44702350292228
2002-06-09,43.32881390639773,5.553842581750489,21.494117135871843,-25.69104540800626
2002-06-10,41.01080720870802,6.483171770702012,20.67607958880086,-27.7754272478167
2002-06-11,41.31070474075044,5.129005761205595,19.216522445998525,-29.35176705993946
2002-06-12,41.69164483239932,4.7042002659433955,20.479940712333452,-29.093711495280036
2002-06-13,41.29274520997831,3.0745406087495306,19.109513589481544,-28.628134260969247
2002-06-14,40.93472361257572,3.3514514895258,19.42032739689925,-29.090222178978404
2002-06-15,38.856410236247,3.364889449136073,20.71810788013886,-28.762904262666957
2002-06-16,39.794508674239395,4.9579810715567545,21.87864194160371,-28.98807174845003
2002-06-17,38.74790523393821,4.837937144227333,19.704845847716193,-28.405237720392677
2002-06-18,39.69260972631087,4.57050686282923,21.380653128479448,-29.20011985478537
2002-06-19,38.14310307435404,4.521096720551589,22.23653288093084,-28.482550278609807
2002-06-20,37.59264638944863,6.850861066904786,22.643302161214827,-29.007895709090473
2002-06-21,35.36390484755897,5.75639886631636,22.41853423602739,-29.626801272675188
2002-06-22,36.48781722952951,4.5805628793134545,21.27244685359065,-30.498682276556234
2002-06-23,36.62436964463079,4.0575662251064,21.95625546182719,-29.53960666432429
2002-06-24,37.7252204494629,4.752956064846855,23.671209013304356,-29.36495803494181
2002-06-25,36.68042759091112,4.357557963595688,24.04948213393197,-30.514137663647595
2002-06-26,38.70818271343531,3.5774218546324708,24.604531527398255,-29.878145334100214
2002-06-27,38.49879329530776,3.7494910636966603,24.91331813393072,-30.042690025968565
2002-06-28,36.74238613967899,3.307788968733968,25.006842170434492,-29.391393537136775
2002-06-29,37.938455291614716,3.1513756371787602,24.9813328390543,-30.51794912477061
2002-06-30,38.20505698629913,3.0198946924240726,23.344848238061946,-31.722954175348466
2002-07-01,38.556823039490624,3.0742046295038037,22.380099366625146,-33.09301750192543
2002-07-02,38.82374358057929,2.711446765210085,23.05138804388498,-31.957656260212428
2002-07-03,39.42367113533215,2.7301406314315506,21.720596683089216,-33.3333090802282
2002-07-04,40.337836375541805,2.7122547891855153,22.27932965779236,-33.065739655404684
2002-07-05,40.52435650867943,1.5386914167149899,21.465048860056903,-34.992954608979424
2002-07-06,41.34127964901157,0.5860310261040095,21.552338016789676,-33.411868475308374
2002-07-07,41.461602149568535,2.545859384114173,21.231663559679287,-33.23649650624894
2002-07-08,40.75728534405855,2.8312276061240627,19.841984962049207,-32.11536529206919
2002-07-09,40.84025034345294,2.481529614377056,18.342958290394055,-31.734494546438643
2002-07-10,41.798349539157506,3.1807446718186583,18.790448945336678,-31.590162534062376
2002-07-11,41.03591738369897,2.106270408201781,19.27512211233405,-30.2693905979621
2002-07-12,41.05351366734546,2.3411913031299356,18.26402246181202,-29.628842792114494
2002-07-13,42.12479950691203,3.1348380689909066,19.903509594840784,-29.685684437062115
2002-07-14,43.655632716283186,3.326791997483147,19.95575120601378,-28.403460009705267
2002-07-15,43.13742869149355,1.3552527743144442,19.22574684214057,-28.943355770043738
2002-07-16,42.82446520362031,2.676860238104722,19.40249448478642,-28.165525479212157
2002-07-17,43.5688997908885,1.8723165150588479,19.261487451537533,-27.952141462721972
2002-07-18,43.65102882281519,1.40041416025463,18.97172028742943,-28.20449906326357
2002-07-19,44.17545569862848,1.9896104641990706,19.57489886104722,-28.677676233341632
2002-07-20,43.230060700278294,0.8530164184155662,19.269871811050574,-29.45885422921003
2002-07-21,42.76939686169386,1.4630562978084656,19.903848029361615,-30.93590524357348
2002-07-22,42.27809868883738,0.9052111503774164,20.468692864462334,-32.832316949841
2002-07-23,41.59051023111096,0.0702890857793993,20.77761144926175,-32.04905267639307
2002-07-24,41.83053513468061,1.4511338917714989,19.476461943293884,-32.05390512772368
2002-07-25,41.71371784870288,2.672315441756588,20.584560723494178,-30.50195488091811
2002-07-26,42.83862113605215,2.783711018293478,21.431767836395313,-32.187284394936555
2002-07-27,44.61076666740544,3.5766587113894905,21.48972497643067,-32.391418455648385
2002-07-28,44.222364171947476,2.9676236947962464,21.32531882130245,-33.46594783496471
2002-07-29,44.174595900342695,4.27800694552722,21.6339843720992,-31.581028012115645
2002-07-30,44.308751357887914,6.181406537448081,18.976208789207934,-30.85842442978044
2002-07-31,44.71448295452633,5.022595147367687,20.66969703083701,-31.396981281507294
2002-08-01,44.84643901544192,4.356663052956566,21.622456606840856,-29.94292319339957
2002-08-02,44.899628686817415,3.937713708969577,22.551673076120796,-28.401492066750656
2002-08-03,45.815777194898736,6.006653238809749,20.934502862947998,-28.99790264117217
2002-08-04,47.660645383196105,5.912444752050905,19.244486488459927,-29.28431729455527
2002-08-05,47.743362974078934,5.78497534281629,19.23789672181711,-28.593289841236988
2002-08-06,46.36679741027574,5.187150851357898,20.569747701891,-29.126770875247093
2002-08-07,47.51535838097203,4.254513212701138,21.647704532807627,-29.351631855417907
2002-08-08,45.68222603362881,4.5654356597653605,21.66455376411099,-27.311912673174792
2002-08-09,45.70594426336744,4.9537846658002005,21.907394888997413,-28.519127758769233
2002-08-10,45.16537213421118,6.7128495526627425,22.069112663121683,-30.697631827678048
2002-08-11,46.31618462668062,8.29251890238955,22.896849617796637,-32.22598423023604
2002-08-12,46.273628971130705,8.148057933420436,23.124798843104028,-34.11678676971582
2002-08-13,46.18607996799788,8.144856066731359,23.140148311974936,-34.971075976121426
2002-08-14,45.997154598831244,8.702377388689765,23.018211745732174,-35.33029444523361
2002-08-15,46.31870098343286,8.582132077500816,22.320739731143455,-34.671091803489354
2002-08-16,46.34190291361976,8.405441793777081,22.590519284941504,-34.45033820552748
2002-08-17,45.75364586354765,8.939621432682149,21.296949001129725,-35.024623185847695
2002-08-18,46.20853480370788,9.637421737892268,21.76647396647019,-35.05834182961451
2002-08-19,46.50863719340762,9.657563717381256,20.589044375516824,-36.23840064646105
2002-08-20,46.54663697309797,9.41223832624787,21.80313252811633,-37.30106598179227
2002-08-21,47.13720090969093,9.157450725476842,20.692737382195915,-37.369346003803656
2002-08-22,47.66688530494416,9.324171939852725,22.56932289700873,-37.46707876588607
2002-08-23,47.192432579445175,8.541034764710412,23.76050879824892,-35.970608494403415
2002-08-24,48.50828902359319,8.985386142648148,24.60890524470373,-37.29008845075452
2002-08-25,49.66497329611152,9.143331512288986,26.392493812277653,-37.25006103654867
2002-08-26,49.68454184762389,9.15028047372683,25.565276600736805,-37.267082770689534
2002-08-27,50.22936864147943,6.720388368551912,24.79527491411692,-37.35549936750097
2002-08-28,51.17154877303151,8.248244361704613,24.545497118045905,-37.258764039830055
2002-08-29,51.76101159346685,6.6475030245458555,23.194543713077525,-35.45636549684347
2002-08-30,51.8401577339734,6.411467839261161,23.75523442757926,-35.92448462749733
2002-08-31,52.60563297690551,7.181835059531722,24.013962169227597,-34.68345128977063
2002-09-01,50.36662757635568,6.988962673144029,25.210457646240812,-35.485180212260296
2002-09-02,50.3754162419511,7.075972704926327,25.07413073884191,-34.576277837450206
2002-09-03,50.20317656058207,7.3681740315331625,27.080460757293473,-33.959891940255616
2002-09-04,50.16312087969631,6.250350076665326,28.38275171317602,-36.04184743071848
2002-09-05,51.14710980301492,7.257223841872136,28.085639595669598,-37.11468596083866
2002-09-06,50.97859352281883,6.656024395299297,29.788921644269397,-38.670737650993864
2002-09-07,53.261121809823564,8.693619477092453,30.844271755885426,-38.72727968793882
2002-09-08,54.48972431731515,9.345148059857591,31.174533891056118,-39.69508483622725
2002-09-09,55.22521994707533,8.79045525923479,32.56680214074318,-41.20116260206619
2002-09-10,55.74259833111209,7.770953284610665,33.36922705432969,-42.84071811468979
2002-09-11,54.99386769645515,5.474834771103859,33.41442001518433,-42.03380248770796
2002-09-12,56.71134311815537,6.850316093657517,34.18132367909576,-41.72823144983068
2002-09-13,58.18472899856261,8.597035168225784,34.85965630394021,-43.8421949166066
2002-09-14,58.50128752746442,7.752076775874973,32.46974806058198,-43.38167843170641
2002-09-15,61.06004547436116,7.994441454967696,32.49001935774022,-42.84320925305072
2002-09-16,60.66250946496607,7.861564554264508,33.9657565329723,-41.50797627095155
2002-09-17,60.84054248149456,8.408974832230681,33.97536519591921,-42.51944444182886
2002-09-18,61.37150014165954,9.576740349180618,33.37731243908679,-43.03436076761055
2002-09-19,61.52528430525516,9.76294858089267,34.28017146157,-43.51142565369344
2002-09-20,61.68574133849309,9.138581083178956,34.904794172513384,-44.36930271072655
2002-09-21,62.20896497577657,8.559158588491007,34.5453882113233,-43.7346127863031
2002-09-22,61.52106036715819,8.202750362088823,33.999543303764966,-43.51810883517909
2002-09-23,61.75600268651548,7.921507963192696,32.97342321300333,-44.02991054166871
2002-09-24,62.86967536587985,8.547178814941061,31.750063119375007,-42.154692108682134
2002-09-25,61.93896963344306,8.282099216777711,32.598269753080054,-41.75247395079967
2002-09-26,62.10572657420477,7.881417341093678,33.622262994499984,-41.18638367961626
